{
    "CAM_FRONTUP": [
                [-0.0402974,-0.99911,0.0125269,-0.352517],
                [-0.0021261,-0.0124513,-0.999919,-0.675942],
                [0.999186,-0.0403206,-0.00162488,-0.155399],
                [0.0,0.0,0.0,1.0]
        ],
      
    "CAM_FRONTMID": [
                [-0.0494448,-0.998576,0.0200429,-0.608752],
                [-0.0770551,-0.0161938,-0.996895,-0.565409],
                [0.9958,-0.0508355,-0.0761472,-0.191051],
                [0.0,0.0,0.0,1.0]
        ],
    "CAM_FRONTDOWN": [
                [-0.076503,-0.997069,-0.00133589,-0.00897697],
                [-0.0515605,0.00529417,-0.998654,-1.47366],
                [0.995738,-0.076331,-0.0518169,-0.166775],
                [0.0,0.0,0.0,1.0]
    ],
    "CAM_LEFTUP": [
                [0.998547,-0.0493482,-0.0216235,-0.0832018],
                [-0.0270569,-0.112236,-0.993313,-0.24899],
                [0.0465908,0.992457,-0.113411,-0.743109],
                [0.0,0.0,0.0,1.0]
    ],
    "CAM_LEFTDOWN": [
                [0.807519,0.5895,0.0201566,-0.465876],
                [0.0346921,-0.013354,-0.999308,-1.2881],
                [-0.588822,0.807661,-0.0312374,-0.670577],
                [0.0,0.0,0.0,1.0]

    ],
    "CAM_RIGHTUP": [
                [-0.992284,0.122359,-0.0200266,0.0275734],
                [0.0419483,0.179309,-0.982898,-0.205007],
                [-0.116676,-0.976155,-0.183062,-0.847374],
                [0.0,0.0,0.0,1.0]
    ],
    "CAM_RIGHTDOWN": [
                 [-0.688252,0.725399,0.0102686,0.408843],
                [-0.0219348,-0.00666003,-0.999738,-1.35089],
                [-0.72514,-0.688297,0.0204928,-0.59285],
                [0.0,0.0,0.0,1.0]
    ]
}