{
    "CAM_FRONT_8M": [
          [0.0402107,-0.996819,-0.068815,-0.0934145],
                [0.0652699,0.0713441,-0.995314,-0.145947],
                [0.997058,0.0355307,0.0679311,-0.0348061],
                [0.0,0.0,0.0,1.0]
        ],
    "CAM_FRONT_3M": [
                 [0.0191606,-0.99971,-0.0146199,-0.0573357],
                [0.0253311,0.0151033,-0.999565,-1.17507],
                [0.999495,0.0187819,0.0256131,-0.0867861],
                [0.0,0.0,0.0,1.0]
               
    ],
    "CAM_LEFT_3M": [
        [0.019083760678768158,-0.9998088479042053,-0.004250495228916407,-0.05733569338917732],
                [0.020097076892852783,0.004634005017578602,-0.9997872710227966,-1.1750741004943848],
                [0.9996159076690674,0.018994277343153954,0.020181668922305107,-0.08678606897592545],
                [0.0,0.0,0.0,1.0]
                
    ],
    "CAM_RIGHT_3M": [
         [-0.999099,-0.00730728,-0.0417955,-1.20773],
        [0.0412792,0.0604082,-0.99732,-0.11996],
        [0.00981248,-0.998147,-0.0600522,-0.697949],
        [0.0,0.0,0.0,1.0]
    ],
    "CAM_BACK_3MH": [
          [0.0222197,0.998632,0.0473381,0.0576996],
                [0.0779013,0.0454764,-0.995923,0.203636],
                [-0.996713,0.0258168,-0.0767842,-2.57312],
                [0.0,0.0,0.0,1.0]
    ]
}