{
    "CAM_FRONTUP": [
        [
            0.0819330088304256,
            -0.996352740535389,
            0.0238703636751429,
            -0.4089112887229115
        ],
        [
            -0.007426076050289618,
            -0.02456050417496528,
            -0.999669543780877,
            1.6915690347446442
        ],
        [
            0.9966106650937562,
            0.08172892548858128,
            -0.009413743954328615,
            -0.13316098911465485
        ],
        [
            0.0,
            0.0,
            0.0,
            1.0
        ]
    ],
    "CAM_FRONTMID": [
        [
            0.07284034884526125,
            -0.9968477273332734,
            0.0314551419332142,
            -0.6831087623658495
        ],
        [
            -0.0813169736382012,
            -0.037369921387206496,
            -0.9959871522230034,
            1.7933862080794762
        ],
        [
            0.9940229736315558,
            0.06999036563738471,
            -0.08378520596569917,
            0.007321969890283379
        ],
        [
            0.0,
            0.0,
            0.0,
            1.0
        ]
    ],
    "CAM_FRONTDOWN": [
        [
            0.04565484367078879,
            -0.9989048723276002,
            0.010284729537959631,
            -0.033194544176075744
        ],
        [
            -0.05864577899205191,
            -0.01295777046964404,
            -0.9981929141719602,
            0.8903546079384407
        ],
        [
            0.9972369501413765,
            0.044969787578304235,
            -0.05917567750772621,
            -0.026681121492078463
        ],
        [
            0.0,
            0.0,
            0.0,
            1.0
        ]
    ],
    "CAM_LEFTUP": [
        [
            0.9969406911923818,
            0.07245250906522067,
            -0.029305698754675206,
            -0.013852573747253027
        ],
        [
            -0.019956151906978564,
            -0.12655358626791322,
            -0.9917588685292438,
            2.099801295544151
        ],
        [
            -0.07556491979710012,
            0.9893117111056281,
            -0.12472343637004338,
            -0.44786469252865646
        ],
        [
            0.0,
            0.0,
            0.0,
            1.0
        ]
    ],
    "CAM_LEFTDOWN": [
        [
            0.7297200138168178,
            0.6837127574316144,
            0.007002902612621982,
            -0.48259074596187274
        ],
        [
            0.029230710047479347,
            -0.02096227357054972,
            -0.9993520394031742,
            1.0786569315598207
        ],
        [
            -0.6831222591936789,
            0.7294534762956262,
            -0.03528482220602238,
            -0.5870850369267442
        ],
        [
            0.0,
            0.0,
            0.0,
            1.0
        ]
    ],
    "CAM_RIGHTUP": [
        [
            -0.9999130436136855,
            0.0002746109085601595,
            -0.013196819488987172,
            0.058872272523599195
        ],
        [
            0.01304917914973429,
            0.1713311955709889,
            -0.9851269949126477,
            2.1280343536690296
        ],
        [
            0.0019900620192246925,
            -0.9852146017439662,
            -0.1713236615550739,
            -0.44149024425266503
        ],
        [
            0.0,
            0.0,
            0.0,
            1.0
        ]
    ],
    "CAM_RIGHTDOWN": [
        [
            -0.7714921064863981,
            0.6361892820641429,
            0.007943290681467584,
            0.3899754716145405
        ],
        [
            -0.027791476217933157,
            -0.021224633934081544,
            -0.999389167871372,
            1.0159574670028189
        ],
        [
            -0.6356315384402873,
            -0.7712416534168332,
            0.034052812449824096,
            -0.6733589060427927
        ],
        [
            0.0,
            0.0,
            0.0,
            1.0
        ]
    ],
    "LIDAR_MID": [
        [
            0.9925125145223548,
            0.12186471334385046,
            -0.008240155225110447,
            0.0194531035932261
        ],
        [
            -0.12195159938803188,
            0.9924748430245951,
            -0.011022403095796284,
            0.025968946138528678
        ],
        [
            0.0068349047699102035,
            0.011944773121595623,
            0.9999052987517667,
            -2.368067554599171
        ],
        [
            0.0,
            0.0,
            0.0,
            1.0
        ]
    ]
}