{
    "CAM_FRONT_8M": [
        [
            0.04403419741400295,
            0.03579117400947552,
            0.9983878310462533,
            1.2864676527427423
        ],
        [
            -0.9966885157178312,
            0.0699517130483583,
            0.04145154480072192,
            -0.08339155132952282
        ],
        [
            -0.06835545855366756,
            -0.9969080452367804,
            0.03875290829929588,
            2.168980790644594
        ],
        [
            0.0,
            0.0,
            0.0,
            1.0
        ]
    ],
    "CAM_FRONT_3M": [
        [
            0.012125390037913924,
            0.018584589206343625,
            0.9997538429352641,
            1.273316791193179
        ],
        [
            -0.9995604432857487,
            0.027304280120492554,
            0.01161541593507132,
            -0.011718031898856328
        ],
        [
            -0.02708178053912334,
            -0.9994543209906707,
            0.018907372740294602,
            1.0227735793225077
        ],
        [
            0.0,
            0.0,
            0.0,
            1.0
        ]
    ],
    "CAM_LEFT_3M": [
        [
            0.9999829227262562,
            0.0013805149879451706,
            -0.005680865001665484,
            -0.030502403917774368
        ],
        [
            0.005719611373198978,
            -0.02990333483999325,
            0.9995364113562221,
            0.8010205515524783
        ],
        [
            0.0012099985991109127,
            -0.9995518126729435,
            -0.029910720367813632,
            2.2233059267196005
        ],
        [
            0.0,
            0.0,
            0.0,
            1.0
        ]
    ],
    "CAM_RIGHT_3M": [
        [
            -0.9998338480817759,
            0.011816810924297162,
            0.013912895780794417,
            0.04597932204105759
        ],
        [
            -0.013194055471328769,
            0.058872984407649334,
            -0.9981782946687399,
            -0.7074883972463553
        ],
        [
            -0.012614323954333808,
            -0.9981953863381334,
            -0.05870722515680252,
            2.1435602173988166
        ],
        [
            0.0,
            0.0,
            0.0,
            1.0
        ]
    ],
    "CAM_BACK_3MH": [
        [
            0.017731417085719618,
            0.04855099674134479,
            -0.9986637414853476,
            -1.3382108538874056
        ],
        [
            0.9988265227912382,
            0.044156975998840206,
            0.019881067820330126,
            -0.01740586882485391
        ],
        [
            0.04506320021292119,
            -0.9978444892661635,
            -0.0477111065130227,
            2.397343611902682
        ],
        [
            0.0,
            0.0,
            0.0,
            1.0
        ]
    ],
    "LIDAR_FRONT": [
        [
            0.6763497102003425,
            -0.7357925621400839,
            0.034065868360706554,
            1.4250632373987386
        ],
        [
            -0.7353277158500968,
            -0.6771731491716206,
            -0.02701510646351305,
            -0.7652636493317645
        ],
        [
            0.04294599512076076,
            -0.006777905742027197,
            -0.999054372543041,
            2.263587291860019
        ],
        [
            0.0,
            0.0,
            0.0,
            1.0
        ]
    ],
    "LIDAR_REAR": [
        [
            -0.7439932619594639,
            0.666698779239516,
            -0.04457251112310723,
            -1.3344971463621318
        ],
        [
            0.6656142957195783,
            0.7453260529810971,
            0.03803730850812155,
            0.7646705308469649
        ],
        [
            0.05858047923721959,
            -0.0013685942998383114,
            -0.9982817306061467,
            2.3928374308245024
        ],
        [
            0.0,
            0.0,
            0.0,
            1.0
        ]
    ],
    "LIDAR_ZHU": [
        [
            0.9995573062977514,
            -0.005867217025824479,
            0.029167913726474395,
            1.242380619049072
        ],
        [
            0.0058177927724382215,
            0.9999814939630773,
            0.0017790499231211832,
            -0.001938401255756617
        ],
        [
            -0.029177812015984742,
            -0.0016085694712592474,
            0.9995729427061419,
            2.319513082504272
        ],
        [
            0.0,
            0.0,
            0.0,
            1.0
        ]
    ]
}