{
    "CAM_FRONTUP": [
        [
            0.08193311530615761,
            -0.007428509629290321,
            0.9966096525459425,
            0.17877873972636393
        ],
        [
            -0.9963511309106448,
            -0.024560752792354278,
            0.08172866179528136,
            -0.3549899466239608
        ],
        [
            0.02387033266504329,
            -0.99967195866688,
            -0.009411306236172028,
            1.69952175982846
        ],
        [
            0.0,
            0.0,
            0.0,
            1.0
        ]
    ],
    "CAM_FRONTMID": [
        [
            0.07284054471839743,
            -0.08131952767869166,
            0.994022912583463,
            0.1883171279029537
        ],
        [
            -0.9968471771283643,
            -0.03737007386436271,
            0.06999020813571806,
            -0.6144485325693727
        ],
        [
            0.031455152729392775,
            -0.9959875719027619,
            -0.08378267065792394,
            1.8082911195118676
        ],
        [
            0.0,
            0.0,
            0.0,
            1.0
        ]
    ],
    "CAM_FRONTDOWN": [
        [
            0.04565523997773249,
            -0.05864828289811475,
            0.9972315433939477,
            0.08034052977135073
        ],
        [
            -0.9989037693291039,
            -0.012957949271863136,
            0.04496911831770416,
            -0.020421158945781295
        ],
        [
            0.010284663921083534,
            -0.9981964462821478,
            -0.059173050993018714,
            0.8875113969433492
        ],
        [
            0.0,
            0.0,
            0.0,
            1.0
        ]
    ],
    "CAM_LEFTUP": [
        [
            0.996941716052325,
            -0.019955922149440142,
            -0.0755640728760068,
            0.02187119956167467
        ],
        [
            0.07245309627786055,
            -0.12655620624398928,
            0.9893084642924921,
            0.7098228788660417
        ],
        [
            -0.029305832718414176,
            -0.9917588297245468,
            -0.12472040320428529,
            2.026232649280861
        ],
        [
            0.0,
            0.0,
            0.0,
            1.0
        ]
    ],
    "CAM_LEFTDOWN": [
        [
            0.7297185582896939,
            0.029232898185583157,
            -0.6831211527824623,
            -0.08042705207694802
        ],
        [
            0.6837092327913842,
            -0.020964147392999666,
            0.7294499735282353,
            0.7808140362185512
        ],
        [
            0.0070026290408396925,
            -0.9993535871832556,
            -0.03528190753127423,
            1.0606255978810593
        ],
        [
            0.0,
            0.0,
            0.0,
            1.0
        ]
    ],
    "CAM_RIGHTUP": [
        [
            -0.9999127124718333,
            0.013048722131707453,
            0.001990496508654011,
            0.03197778953048797
        ],
        [
            0.0002751688194760385,
            0.17133470503400303,
            -0.9852116918092627,
            -0.7995836885592914
        ],
        [
            -0.013197176793911554,
            -0.9851265370278507,
            -0.17131955938089427,
            2.021524147178695
        ],
        [
            0.0,
            0.0,
            0.0,
            1.0
        ]
    ],
    "CAM_RIGHTDOWN": [
        [
            -0.7714924395395804,
            -0.02779019949051846,
            -0.6356313643662945,
            -0.09891125151778546
        ],
        [
            0.6361889321634078,
            -0.021222445912998766,
            -0.771240737204633,
            -0.74585879556275
        ],
        [
            0.007942888359100758,
            -0.99938768879535,
            0.0340552383020808,
            1.0351692512366188
        ],
        [
            0.0,
            0.0,
            0.0,
            1.0
        ]
    ],
    "LIDAR_LEFT": [
        [
            0.6992834078830995,
            0.7148122773494543,
            -0.0067952469586945565,
            0.18789236866249917
        ],
        [
            0.714844577662757,
            -0.6992558909354131,
            0.006223476090541798,
            0.7998988020290912
        ],
        [
            -0.00030302049386274495,
            -0.009209523026209651,
            -0.9999575603732261,
            2.192184321033456
        ],
        [
            0.0,
            0.0,
            0.0,
            1.0
        ]
    ],
    "LIDAR_RIGHT": [
        [
            0.7369964252457576,
            -0.6758525685043817,
            0.0077088716682694345,
            0.18657155157174665
        ],
        [
            -0.6757954623355318,
            -0.7370355178191774,
            -0.008885888315410567,
            -0.7778463530935676
        ],
        [
            0.01168726989092986,
            0.0013392568164267043,
            -0.9999307541743918,
            2.171506488397565
        ],
        [
            0.0,
            0.0,
            0.0,
            1.0
        ]
    ],
    "LIDAR_MID": [
        [
            0.9925125145223546,
            -0.12195159938803188,
            0.006834904769910203,
            4.5021977838e-05
        ],
        [
            0.12186471334385045,
            0.9924748430245951,
            0.011944773121595623,
            0.000141857040911709
        ],
        [
            -0.008240155225110445,
            -0.011022403095796284,
            0.9999052987517667,
            2.36828983243138
        ],
        [
            0.0,
            0.0,
            0.0,
            1.0
        ]
    ]
}