{
    "LIDAR_REAR": [[-7.41500745e-01, 6.70779721e-01,-1.52038093e-02,-2.57341647e+00],
                   [ 6.69872917e-01, 7.41402795e-01, 3.99039267e-02, 7.81595899e-01],
                   [ 3.80388918e-02, 1.94041749e-02,-9.99087824e-01,-5.05278161e-04],
                   [ 0.00000000e+00, 0.00000000e+00, 0.00000000e+00, 1.00000000e+00]],

    "LIDAR_FRONT": [[ 0.67051924,-0.73920872, 0.06304384, 0.17979267],
                    [-0.73935148,-0.67283266,-0.02560743,-0.764293  ],
                    [ 0.06134718,-0.02944127,-0.99768215,-0.05193143],
                    [ 0        , 0        , 0        , 1        ]]
  }
