{
    "LIDAR_LEFT": [[ 0.78116436, 0.6243214 , 0.00225386, 0.28535413],
                    [ 0.62418987,-0.78106487, 0.01802727, 0.77277147],
                    [ 0.0130152 ,-0.01267543,-0.99983497,-0.165252  ],
                    [ 0        , 0       , 0        , 1        ]],

    "LIDAR_RIGHT": [[ 0.64902625,-0.76062179, 0.01480786, 0.09194213],
                    [-0.76071671,-0.64908267, 0.00126251,-0.79271191],
                    [ 0.00865124,-0.01208398,-0.99988951,-0.20478271],
                    [ 0        , 0        , 0        , 1        ]]
  }
