{
    "CAM_FRONTUP": [
        [
            -0.004095579217503147,
            -0.02947047136757762,
            0.9995572607651079,
            1.195000052452087
        ],
        [
            -0.9998074390841942,
            -0.019062577474579647,
            -0.004658636273734572,
            -0.05000000074505806
        ],
        [
            0.019191429930530534,
            -0.9993838649174792,
            -0.02938672421048492,
            1.726999998092651
        ],
        [
            0.0,
            0.0,
            0.0,
            1.0
        ]
    ],
    "CAM_FRONTMID": [
        [
            -0.05444489591718896,
            -0.03956309325655408,
            0.9977326871264365,
            1.159999966621399
        ],
        [
            -0.9980663600569012,
            -0.02785296180315718,
            -0.05556755745540629,
            -0.05999999865889549
        ],
        [
            0.02998823488194118,
            -0.9988288012321056,
            -0.03797014087280234,
            1.399999976158142
        ],
        [
            0.0,
            0.0,
            0.0,
            1.0
        ]
    ],
    "CAM_FRONTDOWN": [
        [
            0.005696312217998373,
            -0.03031673166069375,
            0.9995241106689366,
            1.146000027656555
        ],
        [
            -0.9999786558035051,
            0.0030258799153154606,
            0.0057906811475989285,
            -0.0430000014603138
        ],
        [
            -0.0031999944578310776,
            -0.9995357621576887,
            -0.030298848217684294,
            0.6650000214576721
        ],
        [
            0.0,
            0.0,
            0.0,
            1.0
        ]
    ],
    "CAM_LEFTUP": [
        [
            0.9989845979776661,
            -0.026946771988655912,
            -0.03610601726571574,
            0.9700000286102295
        ],
        [
            0.03297846360598783,
            -0.10864260737839956,
            0.9935336958554609,
            0.7570000290870667
        ],
        [
            -0.030695177823060586,
            -0.993715580707787,
            -0.10764362831582917,
            1.945000052452087
        ],
        [
            0.0,
            0.0,
            0.0,
            1.0
        ]
    ],
    "CAM_LEFTDOWN": [
        [
            0.7533378038554068,
            0.025404081154917643,
            -0.6571428961367437,
            0.9200000166893005
        ],
        [
            0.6574035471665146,
            -0.002653482860091725,
            0.7535340305530969,
            0.7910000085830688
        ],
        [
            0.017399122253633176,
            -0.9996737426227548,
            -0.018699702014138328,
            0.9769999980926514
        ],
        [
            0.0,
            0.0,
            0.0,
            1.0
        ]
    ],
    "CAM_RIGHTUP": [
        [
            -0.9992008189708886,
            0.035636993829188106,
            -0.018103260444570977,
            0.9290000200271606
        ],
        [
            0.024092706547823403,
            0.1755681890686757,
            -0.9841724200963702,
            -0.7360000014305115
        ],
        [
            -0.031894589809339555,
            -0.9838220447103044,
            -0.17628646993722977,
            1.904000043869019
        ],
        [
            0.0,
            0.0,
            0.0,
            1.0
        ]
    ],
    "CAM_RIGHTDOWN": [
        [
            -0.7460430539728056,
            -0.003984287734629357,
            -0.6658857913112257,
            0.9200000166893005
        ],
        [
            0.6658926352154116,
            -0.008368219286558025,
            -0.7460006509862085,
            -0.8059999942779541
        ],
        [
            -0.002599997077745685,
            -0.9999570482561838,
            0.008896159731926668,
            1.039000034332275
        ],
        [
            0.0,
            0.0,
            0.0,
            1.0
        ]
    ],
    "LIDAR_LEFT": [
        [
            0.7190904693528245,
            0.6948293610526063,
            -0.011002540850248049,
            1.145822167396545
        ],
        [
            0.694911280110935,
            -0.7189337888677338,
            0.015248606456532846,
            0.7617658376693726
        ],
        [
            0.002685081100494518,
            -0.018610917320523442,
            -0.9998231964182329,
            2.200787544250488
        ],
        [
            0.0,
            0.0,
            0.0,
            1.0
        ]
    ],
    "LIDAR_RIGHT": [
        [
            0.7131833404975608,
            -0.7009637779520096,
            -0.004393726890214973,
            1.145901
        ],
        [
            -0.7009715781763832,
            -0.7131891255557591,
            -0.0003431878818813216,
            -0.771133
        ],
        [
            -0.0028929959645323626,
            0.0033246335523284052,
            -0.9999902886458907,
            2.071424
        ],
        [
            0.0,
            0.0,
            0.0,
            1.0
        ]
    ],
    "LIDAR_MID": [
        [
            0.9961221175090772,
            -0.08693014515714231,
            0.013560120655450236,
            0.985
        ],
        [
            0.08688195048630248,
            0.9962101573430194,
            0.0041047638533711715,
            0.0
        ],
        [
            -0.013865557649365756,
            -0.0029107163301196953,
            0.9998996319838894,
            2.313717
        ],
        [
            0.0,
            0.0,
            0.0,
            1.0
        ]
    ]
}